institution,institution_cn,2011_2015_papers,2016_2020_papers,country,2011_2015_rank,2016_2020_rank,rank_change,share_growth,rank_change_abs
Guizhou Education University,0,9,1,CHINA MAINLAND,216,681,465,-0.000640472,465
ShanghaiTech University,0,0,47,CHINA MAINLAND,569,125,-444,0.001403865,444
Qufu Normal University,0,0,43,CHINA MAINLAND,570,137,-433,0.001284387,433
Beijing Neurosurgical Institute,0,7,1,CHINA MAINLAND,253,682,429,-0.000491507,429
Shunde Polytechnic,0,22,5,CHINA MAINLAND,98,510,412,-0.001489264,412
North University of China,0,11,3,CHINA MAINLAND,185,582,397,-0.000729697,397
Yuxi Normal University,0,6,2,CHINA MAINLAND,275,639,364,-0.000387155,364
Jilin Agricultural University,0,0,26,CHINA MAINLAND,571,210,-361,0.000776606,361
Civil Aviation University of China,0,0,24,CHINA MAINLAND,572,217,-355,0.000716867,355
Bohai University,0,8,3,CHINA MAINLAND,231,583,352,-0.00050625,352
Shihezi University,0,0,22,CHINA MAINLAND,573,227,-346,0.000657128,346
Nanchang Hangkong University,0,4,1,CHINA MAINLAND,345,683,338,-0.00026806,338
Aba Teachers University,0,4,1,CHINA MAINLAND,346,684,338,-0.00026806,338
Southwest Medical University,0,0,20,CHINA MAINLAND,574,241,-333,0.000597389,333
Zhaoqing University,0,0,20,CHINA MAINLAND,575,242,-333,0.000597389,333
"Institute of Chinese Materia Medica, CACMS",0,5,2,CHINA MAINLAND,307,640,333,-0.000312673,333
Beibu Gulf University,0,0,19,CHINA MAINLAND,576,249,-327,0.00056752,327
Yulin Normal University,0,0,19,CHINA MAINLAND,577,250,-327,0.00056752,327
Zhejiang Provincial People's Hospital,0,0,19,CHINA MAINLAND,578,251,-327,0.00056752,327
China Three Gorges University,0,0,18,CHINA MAINLAND,579,260,-319,0.00053765,319
Institute of Basic Medical Sciences - CAMS,0,8,4,CHINA MAINLAND,230,548,318,-0.000476381,318
Northeast Agricultural University - China,0,0,17,CHINA MAINLAND,580,270,-310,0.000507781,310
"Institute of Computing Technology, CAS",0,13,6,CHINA MAINLAND,165,469,304,-0.000789054,304
Hebei University of Engineering,0,3,1,CHINA MAINLAND,382,685,303,-0.000193578,303
MinNan Normal University,0,3,1,CHINA MAINLAND,383,686,303,-0.000193578,303
Guilin University of Technology,0,0,16,CHINA MAINLAND,581,282,-299,0.000477912,299
Jiangxi Agricultural University,0,8,5,CHINA MAINLAND,228,511,283,-0.000446511,283
Chinese Hypertension League,0,8,5,CHINA MAINLAND,229,512,283,-0.000446511,283
"Ningbo Institute of Materials Technology and Engineering, CAS",0,1,32,CHINA MAINLAND,458,177,-281,0.000881341,281
Yunnan Normal University,0,0,15,CHINA MAINLAND,582,303,-279,0.000448042,279
Zhengzhou University of Light Industry,0,0,15,CHINA MAINLAND,583,304,-279,0.000448042,279
Southwest Minzu University,0,6,4,CHINA MAINLAND,274,549,275,-0.000327416,275
Shandong Technology & Business University,0,10,6,CHINA MAINLAND,198,470,272,-0.000565607,272
"Institute of Software, CAS",0,10,6,CHINA MAINLAND,199,471,272,-0.000565607,272
Jiangxi Normal University,0,18,9,CHINA MAINLAND,122,394,272,-0.001071857,272
Southwest University of Science & Technology - China,0,2,51,CHINA MAINLAND,384,115,-269,0.001374378,269
Jinggangshan University,0,3,2,CHINA MAINLAND,376,641,265,-0.000163708,265
Suzhou University of Science & Technology,0,3,2,CHINA MAINLAND,377,642,265,-0.000163708,265
Liaoning Petrochemical University,0,3,2,CHINA MAINLAND,378,643,265,-0.000163708,265
Dalian Ocean University,0,3,2,CHINA MAINLAND,379,644,265,-0.000163708,265
Baise University,0,3,2,CHINA MAINLAND,380,645,265,-0.000163708,265
"Guang'anmen Hospital, CACMS",0,3,2,CHINA MAINLAND,381,646,265,-0.000163708,265
Xuzhou Medical College,0,0,14,CHINA MAINLAND,584,321,-263,0.000418173,263
Army Engineering University of PLA,0,0,14,CHINA MAINLAND,585,322,-263,0.000418173,263
Liaoning Normal University,0,1,27,CHINA MAINLAND,459,205,-254,0.000731993,254
Chongqing University of Technology,0,0,13,CHINA MAINLAND,586,333,-253,0.000388303,253
Dalian University of Foreign Languages,0,0,13,CHINA MAINLAND,587,334,-253,0.000388303,253
Dalian Maritime University,0,25,12,CHINA MAINLAND,85,335,250,-0.001503625,250
Henan University of Technology,0,5,4,CHINA MAINLAND,305,550,245,-0.000252934,245
"Guangzhou Institute of Biomedicine & Health, CAS",0,5,4,CHINA MAINLAND,306,551,245,-0.000252934,245
Changsha University of Science & Technology,0,1,24,CHINA MAINLAND,460,216,-244,0.000642385,244
Guangdong University of Foreign Studies,0,6,5,CHINA MAINLAND,271,513,242,-0.000297547,242
Xi'an University of Posts & Telecommunications,0,6,5,CHINA MAINLAND,272,514,242,-0.000297547,242
Guangxi Academy of Agricultural Sciences,0,6,5,CHINA MAINLAND,273,515,242,-0.000297547,242
Guangdong Ocean University,0,4,3,CHINA MAINLAND,343,584,241,-0.000208321,241
Shandong Academy of Agricultural Sciences,0,4,3,CHINA MAINLAND,344,585,241,-0.000208321,241
Chongqing Technology & Business University,0,0,12,CHINA MAINLAND,588,350,-238,0.000358434,238
Yanbian University,0,0,12,CHINA MAINLAND,589,351,-238,0.000358434,238
Sinopec,0,0,12,CHINA MAINLAND,590,352,-238,0.000358434,238
China Southern Power Grid,0,0,12,CHINA MAINLAND,591,353,-238,0.000358434,238
Xinyang Normal University,0,0,12,CHINA MAINLAND,592,354,-238,0.000358434,238
Chengdu University of Information Technology,0,2,40,CHINA MAINLAND,385,149,-236,0.001045814,236
Changchun University of Technology,0,2,1,CHINA MAINLAND,451,687,236,-0.000119095,236
Jiaying University,0,2,1,CHINA MAINLAND,452,688,236,-0.000119095,236
Jingdezhen Ceramic Institute,0,2,1,CHINA MAINLAND,453,689,236,-0.000119095,236
Shangrao Normal University,0,2,1,CHINA MAINLAND,454,690,236,-0.000119095,236
Tibet University,0,2,1,CHINA MAINLAND,455,691,236,-0.000119095,236
China Mobile,0,2,1,CHINA MAINLAND,456,692,236,-0.000119095,236
Tianjin University of Technology & Education,0,2,1,CHINA MAINLAND,457,693,236,-0.000119095,236
Dalian Minzu University,0,13,9,CHINA MAINLAND,164,395,231,-0.000699445,231
Shaanxi University of Technology,0,1,21,CHINA MAINLAND,461,233,-228,0.000552777,228
Guangdong Polytechnic Normal University,0,14,10,CHINA MAINLAND,149,376,227,-0.000744058,227
Wuhan Polytechnic University,0,1,20,CHINA MAINLAND,462,240,-222,0.000522907,222
ShenZhen Polytechnic,0,0,11,CHINA MAINLAND,593,371,-222,0.000328564,222
Zhejiang Academy of Agricultural Sciences,0,0,11,CHINA MAINLAND,594,372,-222,0.000328564,222
Baotou Medical College,0,0,11,CHINA MAINLAND,595,373,-222,0.000328564,222
Westlake University,0,0,11,CHINA MAINLAND,596,374,-222,0.000328564,222
Songshan Lake Materials Laboratory,0,0,11,CHINA MAINLAND,597,375,-222,0.000328564,222
China Academy of Chinese Medical Sciences,0,10,8,CHINA MAINLAND,197,419,222,-0.000505868,222
Qingdao University of Technology,0,12,9,CHINA MAINLAND,174,396,222,-0.000624963,222
Qingdao University of Science & Technology,0,19,12,CHINA MAINLAND,114,336,222,-0.001056731,222
"Yantai Institute of Coastal Zone Research, CAS",0,21,13,CHINA MAINLAND,101,323,222,-0.001175826,222
Inner Mongolia Agricultural University,0,7,6,CHINA MAINLAND,251,472,221,-0.00034216,221
"Cold & Arid Regions Environmental & Engineering Research Institute, CAS",0,7,6,CHINA MAINLAND,252,473,221,-0.00034216,221
"Institute of Semiconductors, CAS",0,3,3,CHINA MAINLAND,373,586,213,-0.000133839,213
"Chongqing Institute of Green & Intelligent Technology, CAS",0,3,3,CHINA MAINLAND,374,587,213,-0.000133839,213
Shangqiu Normal University,0,3,3,CHINA MAINLAND,375,588,213,-0.000133839,213
Ningxia University,0,5,5,CHINA MAINLAND,303,516,213,-0.000223064,213
Southwestern Institute of Physics - China,0,5,5,CHINA MAINLAND,304,517,213,-0.000223064,213
Cancer Institute & Hospital - CAMS,0,30,15,CHINA MAINLAND,70,283,213,-0.001786428,213
Hebei University of Technology,0,3,43,CHINA MAINLAND,347,136,-211,0.00106094,211
Kunming University of Science & Technology,0,2,32,CHINA MAINLAND,386,176,-210,0.000806858,210
Jinzhou Medical University,0,4,4,CHINA MAINLAND,342,552,210,-0.000178452,210
Dalian University,0,8,7,CHINA MAINLAND,227,437,210,-0.000386772,210
Xi'an University of Technology,0,4,59,CHINA MAINLAND,308,102,-206,0.001464369,206
Huaiyin Normal University,0,0,10,CHINA MAINLAND,598,393,-205,0.000298695,205
Liaoning University,0,6,6,CHINA MAINLAND,270,474,204,-0.000267677,204
"Institute of Automation, CAS",0,12,10,CHINA MAINLAND,173,377,204,-0.000595093,204
Southern University of Science & Technology,0,5,89,CHINA MAINLAND,276,73,-203,0.002285971,203
Taizhou University,0,3,41,CHINA MAINLAND,348,145,-203,0.001001201,203
Beijing University of Agriculture,0,2,2,CHINA MAINLAND,444,647,203,-8.92258E-05,203
Hebei University of Science & Technology,0,2,2,CHINA MAINLAND,445,648,203,-8.92258E-05,203
Shanghai International Studies University,0,2,2,CHINA MAINLAND,446,649,203,-8.92258E-05,203
Chongqing University of Science & Technology,0,2,2,CHINA MAINLAND,447,650,203,-8.92258E-05,203
"Academy of Opto-Electronics, CAS",0,2,2,CHINA MAINLAND,448,651,203,-8.92258E-05,203
Hanshan Normal University,0,2,2,CHINA MAINLAND,449,652,203,-8.92258E-05,203
"National Institute of Parasitic Diseases, Chinese Center for Disease Control & Prevention",0,2,2,CHINA MAINLAND,450,653,203,-8.92258E-05,203
Hefei University of Technology,0,4,57,CHINA MAINLAND,309,107,-202,0.00140463,202
Ningbo University,0,5,82,CHINA MAINLAND,277,78,-199,0.002076885,199
North China University of Water Resources & Electric Power,0,11,10,CHINA MAINLAND,184,378,194,-0.000520611,194
Wuhan University of Science & Technology,0,2,29,CHINA MAINLAND,387,194,-193,0.00071725,193
Shanghai Center for Disease Control & Prevention,0,13,11,CHINA MAINLAND,163,355,192,-0.000639706,192
Jiangxi University of Science & Technology,0,0,9,CHINA MAINLAND,599,409,-190,0.000268825,190
Longyan University,0,0,9,CHINA MAINLAND,600,410,-190,0.000268825,190
Ludong University,0,0,9,CHINA MAINLAND,601,411,-190,0.000268825,190
North China University of Technology,0,0,9,CHINA MAINLAND,602,412,-190,0.000268825,190
Zhongnan University of Economics & Law,0,0,9,CHINA MAINLAND,603,413,-190,0.000268825,190
China National Petroleum Corporation,0,0,9,CHINA MAINLAND,604,414,-190,0.000268825,190
Shanghai Institute of Technology,0,0,9,CHINA MAINLAND,605,415,-190,0.000268825,190
Nanjing University of Finance & Economics,0,0,9,CHINA MAINLAND,606,416,-190,0.000268825,190
Sixth Medical Center of Chinese PLA General Hospital,0,0,9,CHINA MAINLAND,607,417,-190,0.000268825,190
Peng Cheng Laboratory,0,0,9,CHINA MAINLAND,608,418,-190,0.000268825,190
Shanxi Medical University,0,7,7,CHINA MAINLAND,250,438,188,-0.00031229,188
"Xinjiang Institute of Ecology & Geography, CAS",0,2,27,CHINA MAINLAND,388,203,-185,0.000657511,185
Duke Kunshan University,0,2,27,CHINA MAINLAND,389,204,-185,0.000657511,185
Shandong University of Science & Technology,0,5,63,CHINA MAINLAND,278,95,-183,0.001509365,183
Changzhou University,0,1,16,CHINA MAINLAND,463,280,-183,0.000403429,183
Guangdong University of Petrochemical Technology,0,1,16,CHINA MAINLAND,464,281,-183,0.000403429,183
Minzu University of China,0,3,4,CHINA MAINLAND,372,553,181,-0.000103969,181
Yangtze Normal University,0,0,8,CHINA MAINLAND,609,432,-177,0.000238956,177
Liaoning University of Technology,0,0,8,CHINA MAINLAND,610,433,-177,0.000238956,177
State Key Laboratory of High Field Laser Physics,0,0,8,CHINA MAINLAND,611,434,-177,0.000238956,177
Ningbo University of Technology,0,0,8,CHINA MAINLAND,612,435,-177,0.000238956,177
Hebei GEO University,0,0,8,CHINA MAINLAND,613,436,-177,0.000238956,177
"Nanjing Institute of Geology & Paleontology, CAS",0,4,5,CHINA MAINLAND,341,518,177,-0.000148582,177
Chongqing Normal University,0,5,6,CHINA MAINLAND,301,475,174,-0.000193195,174
"Research Institute of Forest Ecology, Environment and Protection, CAF",0,5,6,CHINA MAINLAND,302,476,174,-0.000193195,174
Jiangxi University of Finance & Economics,0,7,8,CHINA MAINLAND,249,420,171,-0.000282421,171
Hubei Minzu University,0,8,9,CHINA MAINLAND,226,397,171,-0.000327034,171
Shanghai Ocean University,0,6,7,CHINA MAINLAND,269,439,170,-0.000237808,170
"Institute of Theoretical Physics, CAS",0,61,26,CHINA MAINLAND,36,206,170,-0.003766817,170
Liaocheng University,0,2,23,CHINA MAINLAND,390,221,-169,0.000538033,169
Central University of Finance & Economics,0,1,15,CHINA MAINLAND,465,297,-168,0.00037356,168
China Europe International Business School,0,1,15,CHINA MAINLAND,466,298,-168,0.00037356,168
State Grid Corporation of China,0,1,15,CHINA MAINLAND,467,299,-168,0.00037356,168
North Minzu University,0,1,15,CHINA MAINLAND,468,300,-168,0.00037356,168
"Changchun Institute of Optics, Fine Mechanics & Physics, CAS",0,1,15,CHINA MAINLAND,469,301,-168,0.00037356,168
NYU Shanghai,0,1,15,CHINA MAINLAND,470,302,-168,0.00037356,168
"Institute of Psychology, CAS",0,15,14,CHINA MAINLAND,139,305,166,-0.000699063,166
Qingdao University,0,6,73,CHINA MAINLAND,254,89,-165,0.001733577,165
Shanxi Normal University,0,9,10,CHINA MAINLAND,215,379,164,-0.000371646,164
Xi'an Modern Chemistry Research Institute,0,10,11,CHINA MAINLAND,196,356,160,-0.000416259,160
Harbin University of Commerce,0,0,7,CHINA MAINLAND,614,458,-156,0.000209086,156
Northeast Electric Power University,0,0,7,CHINA MAINLAND,615,459,-156,0.000209086,156
Shanghai University of Finance & Economics,0,0,7,CHINA MAINLAND,616,460,-156,0.000209086,156
Shenyang Jianzhu University,0,0,7,CHINA MAINLAND,617,461,-156,0.000209086,156
Xinxiang Medical University,0,0,7,CHINA MAINLAND,618,462,-156,0.000209086,156
"Institute of Animal Science, CAAS",0,0,7,CHINA MAINLAND,619,463,-156,0.000209086,156
Beijing University of Civil Engineering & Architecture,0,0,7,CHINA MAINLAND,620,464,-156,0.000209086,156
Taiyuan Normal University,0,0,7,CHINA MAINLAND,621,465,-156,0.000209086,156
Xijing University,0,0,7,CHINA MAINLAND,622,466,-156,0.000209086,156
Anhui Jianzhu University,0,0,7,CHINA MAINLAND,623,467,-156,0.000209086,156
"Pearl River Fisheries Research Institute, CAFS",0,0,7,CHINA MAINLAND,624,468,-156,0.000209086,156
Sichuan Agricultural University,0,5,47,CHINA MAINLAND,279,124,-155,0.001031453,155
"Lanzhou Veterinary Research Institute, CAAS",0,11,12,CHINA MAINLAND,183,337,154,-0.000460872,154
Huaiyin Institute of Technology,0,1,14,CHINA MAINLAND,471,318,-153,0.00034369,153
Dali University,0,1,14,CHINA MAINLAND,472,319,-153,0.00034369,153
University of South China,0,1,14,CHINA MAINLAND,473,320,-153,0.00034369,153
Guangzhou Medical University,0,5,45,CHINA MAINLAND,280,128,-152,0.000971714,152
Research Center for Eco-Environmental Sciences (RCEES),0,4,38,CHINA MAINLAND,310,158,-152,0.00083711,152
"Institute of Metal Research, CAS",0,32,23,CHINA MAINLAND,67,218,151,-0.001696437,151
Guangzhou University,0,7,78,CHINA MAINLAND,232,82,-150,0.001808442,150
Tianjin Center for Disease Control & Prevention,0,7,9,CHINA MAINLAND,248,398,150,-0.000252551,150
Chinese Academy of Engineering Physics,0,5,44,CHINA MAINLAND,281,132,-149,0.000941845,149
Beijing Normal University Zhuhai,0,1,1,CHINA MAINLAND,546,694,148,-4.46129E-05,148
Fujian University of Traditional Chinese Medicine,0,1,1,CHINA MAINLAND,547,695,148,-4.46129E-05,148
Jiangsu Ocean University,0,1,1,CHINA MAINLAND,548,696,148,-4.46129E-05,148
Quanzhou Normal University,0,1,1,CHINA MAINLAND,549,697,148,-4.46129E-05,148
Shenyang Pharmaceutical University,0,1,1,CHINA MAINLAND,550,698,148,-4.46129E-05,148
Shenyang University,0,1,1,CHINA MAINLAND,551,699,148,-4.46129E-05,148
Beijing Institute of Aeronautical Material,0,1,1,CHINA MAINLAND,552,700,148,-4.46129E-05,148
China Telecom Corp. Ltd.,0,1,1,CHINA MAINLAND,553,701,148,-4.46129E-05,148
Institute of Laboratory Animal Science - CAMS,0,1,1,CHINA MAINLAND,554,702,148,-4.46129E-05,148
Beihua University,0,1,1,CHINA MAINLAND,555,703,148,-4.46129E-05,148
Research Institute of Chemical Defense - China,0,1,1,CHINA MAINLAND,556,704,148,-4.46129E-05,148
China Institute of Sport Science,0,1,1,CHINA MAINLAND,557,705,148,-4.46129E-05,148
Guizhou Minzu University,0,1,1,CHINA MAINLAND,558,706,148,-4.46129E-05,148
Shangluo University,0,1,1,CHINA MAINLAND,559,707,148,-4.46129E-05,148
China Baowu Steel Group,0,1,1,CHINA MAINLAND,560,708,148,-4.46129E-05,148
Legend Holdings,0,1,1,CHINA MAINLAND,561,709,148,-4.46129E-05,148
Lenovo,0,1,1,CHINA MAINLAND,562,710,148,-4.46129E-05,148
Beijing Municipal Research Institute of Environment,0,1,1,CHINA MAINLAND,563,711,148,-4.46129E-05,148
Hubei University of Arts & Science,0,1,1,CHINA MAINLAND,564,712,148,-4.46129E-05,148
PLA Information Engineering University,0,1,1,CHINA MAINLAND,565,713,148,-4.46129E-05,148
Sanming University,0,1,1,CHINA MAINLAND,566,714,148,-4.46129E-05,148
"Yellow Sea Fisheries Research Institute, CAFS",0,1,1,CHINA MAINLAND,567,715,148,-4.46129E-05,148
"Heilongjiang River Fisheries Research Institute, CAFS",0,1,1,CHINA MAINLAND,568,716,148,-4.46129E-05,148
Jilin Normal University,0,2,3,CHINA MAINLAND,441,589,148,-5.93563E-05,148
Gannan Medical University,0,2,3,CHINA MAINLAND,442,590,148,-5.93563E-05,148
Mesnac,0,2,3,CHINA MAINLAND,443,591,148,-5.93563E-05,148
Capgemini,0,3,5,CHINA MAINLAND,371,519,148,-7.40997E-05,148
Zhejiang Gongshang University,0,5,43,CHINA MAINLAND,282,135,-147,0.000911975,147
Anhui University of Technology,0,5,7,CHINA MAINLAND,297,440,143,-0.000163325,143
Guizhou Normal University,0,5,7,CHINA MAINLAND,298,441,143,-0.000163325,143
Institute of Hematology & Blood Diseases Hospital - CAMS,0,5,7,CHINA MAINLAND,299,442,143,-0.000163325,143
"Wuhan Institute of Physics & Mathematics, CAS",0,5,7,CHINA MAINLAND,300,443,143,-0.000163325,143
"Institute of Oceanology, CAS",0,10,12,CHINA MAINLAND,195,338,143,-0.00038639,143
Hunan University,0,10,132,CHINA MAINLAND,186,44,-142,0.003197947,142
Hebei Medical University,0,4,6,CHINA MAINLAND,339,477,138,-0.000118713,138
Zhejiang Ocean University,0,4,6,CHINA MAINLAND,340,478,138,-0.000118713,138
Hainan University,0,3,25,CHINA MAINLAND,349,213,-136,0.00052329,136
University of Shanghai for Science & Technology,0,5,40,CHINA MAINLAND,283,148,-135,0.000822367,135
Shaanxi Normal University,0,11,137,CHINA MAINLAND,175,41,-134,0.003272812,134
Henan Agricultural University,0,2,18,CHINA MAINLAND,391,258,-133,0.000388686,133
Qinghai University,0,2,18,CHINA MAINLAND,392,259,-133,0.000388686,133
"Institute of Process Engineering, CAS",0,7,10,CHINA MAINLAND,247,380,133,-0.000222682,133
"Institute of Mountain Hazards & Environment, CAS",0,15,16,CHINA MAINLAND,138,271,133,-0.000639324,133
Anqing Normal University,0,0,6,CHINA MAINLAND,625,493,-132,0.000179217,132
Shandong Jiaotong University,0,0,6,CHINA MAINLAND,626,494,-132,0.000179217,132
Wuhan Institute of Technology,0,0,6,CHINA MAINLAND,627,495,-132,0.000179217,132
Zunyi Medical University,0,0,6,CHINA MAINLAND,628,496,-132,0.000179217,132
Shaoxing University,0,0,6,CHINA MAINLAND,629,497,-132,0.000179217,132
"State Key Laboratory of Catalysis, CAS",0,0,6,CHINA MAINLAND,630,498,-132,0.000179217,132
Xi'an Technological University,0,0,6,CHINA MAINLAND,631,499,-132,0.000179217,132
Shandong University of Traditional Chinese Medicine,0,0,6,CHINA MAINLAND,632,500,-132,0.000179217,132
Xi'an Polytechnic University,0,0,6,CHINA MAINLAND,633,501,-132,0.000179217,132
Inner Mongolia Medical University,0,0,6,CHINA MAINLAND,634,502,-132,0.000179217,132
Weifang Medical University,0,0,6,CHINA MAINLAND,635,503,-132,0.000179217,132
Hexi University,0,0,6,CHINA MAINLAND,636,504,-132,0.000179217,132
Luoyang Normal University,0,0,6,CHINA MAINLAND,637,505,-132,0.000179217,132
Gannan Normal University,0,0,6,CHINA MAINLAND,638,506,-132,0.000179217,132
Guizhou Institute of Technology,0,0,6,CHINA MAINLAND,639,507,-132,0.000179217,132
Tencent,0,0,6,CHINA MAINLAND,640,508,-132,0.000179217,132
Leshan Normal University,0,0,6,CHINA MAINLAND,641,509,-132,0.000179217,132
Yangtze University,0,11,128,CHINA MAINLAND,176,46,-130,0.003003986,130
Nanjing Normal University,0,10,109,CHINA MAINLAND,187,59,-128,0.002510949,128
"Shanghai Institute of Materia Medica, CAS",0,20,20,CHINA MAINLAND,107,234,127,-0.000892258,127
Wuyi University,0,1,12,CHINA MAINLAND,474,348,-126,0.000283951,126
"National Institute for Communicable Disease Control & Prevention, Chinese Center for Disease Control & Prevention",0,1,12,CHINA MAINLAND,475,349,-126,0.000283951,126
Nanyang Normal College,0,5,8,CHINA MAINLAND,296,421,125,-0.000133456,125
"Qingdao Institute of Biomass Energy and Bioprocess Technology, CAS",0,2,17,CHINA MAINLAND,393,269,-124,0.000358816,124
"Freshwater Fisheries Research Center, CAFS",0,11,14,CHINA MAINLAND,182,306,124,-0.000401133,124
Jiangsu University,0,8,63,CHINA MAINLAND,217,94,-123,0.001285918,123
Jiangnan University,0,7,55,CHINA MAINLAND,233,112,-121,0.001121444,121
Beijing Institute of Petrochemical Technology,0,1,2,CHINA MAINLAND,533,654,121,-1.47434E-05,121
Heilongjiang University of Chinese Medicine,0,1,2,CHINA MAINLAND,534,655,121,-1.47434E-05,121
Hunan City University,0,1,2,CHINA MAINLAND,535,656,121,-1.47434E-05,121
Shaoguan University,0,1,2,CHINA MAINLAND,536,657,121,-1.47434E-05,121
Institute of Medical Biology - CAMS,0,1,2,CHINA MAINLAND,537,658,121,-1.47434E-05,121
Liaoning University of Traditional Chinese Medicine,0,1,2,CHINA MAINLAND,538,659,121,-1.47434E-05,121
Beijing Hospital,0,1,2,CHINA MAINLAND,539,660,121,-1.47434E-05,121
Baidu,0,1,2,CHINA MAINLAND,540,661,121,-1.47434E-05,121
"Institute of Mechanics, CAS",0,1,2,CHINA MAINLAND,541,662,121,-1.47434E-05,121
"Institute of Microelectronics, CAS",0,1,2,CHINA MAINLAND,542,663,121,-1.47434E-05,121
"Tianjin Institute of Industrial Biotechnology, CAS",0,1,2,CHINA MAINLAND,543,664,121,-1.47434E-05,121
Shenzhen Institute of Information Technology,0,1,2,CHINA MAINLAND,544,665,121,-1.47434E-05,121
Microsoft Research Asia,0,1,2,CHINA MAINLAND,545,666,121,-1.47434E-05,121
Wuhan Donghu University,0,3,21,CHINA MAINLAND,350,232,-118,0.000403812,118
Dongbei University of Finance & Economics,0,2,4,CHINA MAINLAND,436,554,118,-2.94868E-05,118
Guangdong Pharmaceutical University,0,2,4,CHINA MAINLAND,437,555,118,-2.94868E-05,118
Lanzhou Jiaotong University,0,2,4,CHINA MAINLAND,438,556,118,-2.94868E-05,118
"Institute of Geodesy & Geophysics, CAS",0,2,4,CHINA MAINLAND,439,557,118,-2.94868E-05,118
"Wuhan Institute of Virology, CAS",0,2,4,CHINA MAINLAND,440,558,118,-2.94868E-05,118
Xiangtan University,0,28,28,CHINA MAINLAND,77,195,118,-0.001249161,118
China General Nuclear Power Group,0,2,16,CHINA MAINLAND,394,279,-115,0.000328947,115
"Yangtze River Fisheries Research Institute, CAFS",0,26,27,CHINA MAINLAND,83,198,115,-0.001130065,115
Tianjin University of Technology,0,4,28,CHINA MAINLAND,311,197,-114,0.000538416,114
"Shanghai Institute of Microsystem & Information Technology, CAS",0,8,12,CHINA MAINLAND,225,339,114,-0.000237425,114
Shenyang Normal University,0,7,11,CHINA MAINLAND,244,357,113,-0.000192812,113
"Institute of Biophysics, CAS",0,7,11,CHINA MAINLAND,245,358,113,-0.000192812,113
"Institute of Agricultural Resources & Regional Planning, CAAS",0,7,11,CHINA MAINLAND,246,359,113,-0.000192812,113
Hunan University of Science & Technology,0,10,14,CHINA MAINLAND,194,307,113,-0.000326651,113
"Academy of Mathematics & System Sciences, CAS",0,20,23,CHINA MAINLAND,106,219,113,-0.000802649,113
Jiangsu Normal University,0,6,42,CHINA MAINLAND,255,143,-112,0.000807624,112
Sichuan University of Science & Engineering,0,3,20,CHINA MAINLAND,351,239,-112,0.000373942,112
Chinese Academy of Tropical Agricultural Sciences,0,3,6,CHINA MAINLAND,369,479,110,-4.42302E-05,110
Hubei University of Medicine,0,3,6,CHINA MAINLAND,370,480,110,-4.42302E-05,110
Institute of Applied Physics & Computational Mathematics - China,0,22,26,CHINA MAINLAND,97,207,110,-0.000862005,110
Yangzhou University,0,9,70,CHINA MAINLAND,200,91,-109,0.001420522,109
Binzhou Medical University,0,1,11,CHINA MAINLAND,476,367,-109,0.000254082,109
Institute of Medicinal Plant Development - CAMS,0,1,11,CHINA MAINLAND,477,368,-109,0.000254082,109
Wuhan Textile University,0,1,11,CHINA MAINLAND,478,369,-109,0.000254082,109
State Oceanic Administration,0,1,11,CHINA MAINLAND,479,370,-109,0.000254082,109
Anyang Normal University,0,0,5,CHINA MAINLAND,642,533,-109,0.000149347,109
Northeast Petroleum University,0,0,5,CHINA MAINLAND,643,534,-109,0.000149347,109
Jiangsu University of Science & Technology,0,0,5,CHINA MAINLAND,644,535,-109,0.000149347,109
Lanzhou University of Technology,0,0,5,CHINA MAINLAND,645,536,-109,0.000149347,109
Xiamen University of Technology,0,0,5,CHINA MAINLAND,646,537,-109,0.000149347,109
State Key Laboratory of Quantum Optics & Quantum Optics Devices,0,0,5,CHINA MAINLAND,647,538,-109,0.000149347,109
Jiangxi University of Traditional Chinese Medicine,0,0,5,CHINA MAINLAND,648,539,-109,0.000149347,109
Jining Medical University,0,0,5,CHINA MAINLAND,649,540,-109,0.000149347,109
Binzhou University,0,0,5,CHINA MAINLAND,650,541,-109,0.000149347,109
Bengbu Medical College,0,0,5,CHINA MAINLAND,651,542,-109,0.000149347,109
Guizhou University of Traditional Chinese Medicine,0,0,5,CHINA MAINLAND,652,543,-109,0.000149347,109
Guilin University of Aerospace Technology,0,0,5,CHINA MAINLAND,653,544,-109,0.000149347,109
"National Time Service Center, CAS",0,0,5,CHINA MAINLAND,654,545,-109,0.000149347,109
Changzhou Institute of Technology,0,0,5,CHINA MAINLAND,655,546,-109,0.000149347,109
Zhongkai University of Agriculture & Engineering,0,0,5,CHINA MAINLAND,656,547,-109,0.000149347,109
Shenyang Agricultural University,0,4,7,CHINA MAINLAND,338,444,106,-8.88431E-05,106
Xi'an University of Science & Technology,0,3,19,CHINA MAINLAND,352,247,-105,0.000344073,105
"Institute of Plant Protection, CAAS",#N/A,3,19,CHINA MAINLAND,353,248,-105,0.000344073,105
Gansu Agricultural University,0,5,9,CHINA MAINLAND,295,399,104,-0.000103587,104
Hunan Agricultural University,0,4,25,CHINA MAINLAND,312,211,-101,0.000448807,101
Xinjiang University,0,4,25,CHINA MAINLAND,313,212,-101,0.000448807,101
Air Force Military Medical University,0,19,24,CHINA MAINLAND,113,214,101,-0.000698297,101
"Shanghai Institutes for Biological Sciences, CAS",0,21,27,CHINA MAINLAND,100,199,99,-0.000757654,99
"Institute of Information Engineering, CAS",0,7,12,CHINA MAINLAND,243,340,97,-0.000162943,97
Hubei University,0,37,38,CHINA MAINLAND,58,154,96,-0.001620807,96
Nanjing Tech University,0,7,42,CHINA MAINLAND,234,142,-92,0.000733141,92
Beijing Sport University,0,1,10,CHINA MAINLAND,480,389,-91,0.000224212,91
Yunnan University of Finance & Economics,0,1,10,CHINA MAINLAND,481,390,-91,0.000224212,91
"Shanghai Institute of Technical Physics, CAS",0,1,10,CHINA MAINLAND,482,391,-91,0.000224212,91
"Research Institute of Forest Resources Information Technique, CAF",0,1,10,CHINA MAINLAND,483,392,-91,0.000224212,91
Chongqing Medical University,0,15,21,CHINA MAINLAND,137,228,91,-0.000489976,91
Henan Polytechnic University,0,22,29,CHINA MAINLAND,96,187,91,-0.000772397,91
Tianjin University of Commerce,0,2,5,CHINA MAINLAND,430,520,90,3.82657E-07,90
Southwest Forestry University - China,0,2,5,CHINA MAINLAND,431,521,90,3.82657E-07,90
State Key Laboratory of Transient Optics & Photonics,0,2,5,CHINA MAINLAND,432,522,90,3.82657E-07,90
Beijing Technology & Business University,0,2,5,CHINA MAINLAND,433,523,90,3.82657E-07,90
Dezhou University,0,2,5,CHINA MAINLAND,434,524,90,3.82657E-07,90
"Research Institute of Tropical Forestry, CAF",0,2,5,CHINA MAINLAND,435,525,90,3.82657E-07,90
Zhejiang University of Technology,0,7,40,CHINA MAINLAND,235,147,-88,0.000673402,88
Harbin Normal University,0,4,22,CHINA MAINLAND,314,226,-88,0.000359199,88
Beijing International Studies University,0,0,4,CHINA MAINLAND,657,570,-87,0.000119478,87
Chengdu University of Traditional Chinese Medicine,0,0,4,CHINA MAINLAND,658,571,-87,0.000119478,87
Minjiang University,0,0,4,CHINA MAINLAND,659,572,-87,0.000119478,87
University of International Business & Economics,0,0,4,CHINA MAINLAND,660,573,-87,0.000119478,87
Liaoning Technical University,0,0,4,CHINA MAINLAND,661,574,-87,0.000119478,87
Shanghai Lixin University of Accounting & Finance,0,0,4,CHINA MAINLAND,662,575,-87,0.000119478,87
Shanghai University of Electric Power,0,0,4,CHINA MAINLAND,663,576,-87,0.000119478,87
Weinan Normal University,0,0,4,CHINA MAINLAND,664,577,-87,0.000119478,87
"Institute of Engineering Thermophysics, CAS",0,0,4,CHINA MAINLAND,665,578,-87,0.000119478,87
"Hefei Institutes of Physical Science, CAS",0,0,4,CHINA MAINLAND,666,579,-87,0.000119478,87
Nanyang Institute of Technology,0,0,4,CHINA MAINLAND,667,580,-87,0.000119478,87
"Wuyi University, Fujian",0,0,4,CHINA MAINLAND,668,581,-87,0.000119478,87
Hubei Normal University,0,5,10,CHINA MAINLAND,294,381,87,-7.3717E-05,87
Fujian Medical University,0,3,17,CHINA MAINLAND,354,268,-86,0.000284334,86
Hainan Medical University,0,4,8,CHINA MAINLAND,337,422,85,-5.89736E-05,85
Capital Normal University,0,28,36,CHINA MAINLAND,76,161,85,-0.001010205,85
Anhui Normal University,0,2,14,CHINA MAINLAND,395,311,-84,0.000269208,84
Foshan University,0,2,14,CHINA MAINLAND,396,312,-84,0.000269208,84
Guizhou Medical University,0,2,14,CHINA MAINLAND,397,313,-84,0.000269208,84
Kunming Medical University,0,2,14,CHINA MAINLAND,398,314,-84,0.000269208,84
Shanghai University of Sport,0,2,14,CHINA MAINLAND,399,315,-84,0.000269208,84
"Wuhan Botanical Garden, CAS",0,2,14,CHINA MAINLAND,400,316,-84,0.000269208,84
Guizhou Academy of Agricultural Sciences,0,2,14,CHINA MAINLAND,401,317,-84,0.000269208,84
Jinan University,0,14,109,CHINA MAINLAND,140,58,-82,0.002213019,82
State Key Lab Oncology South China,0,7,13,CHINA MAINLAND,242,324,82,-0.000133073,82
Zhejiang Sci-Tech University,0,6,32,CHINA MAINLAND,256,175,-81,0.000508929,81
Henan Institute of Science & Technology,0,13,19,CHINA MAINLAND,162,243,81,-0.000400751,81
Hebei University,0,10,16,CHINA MAINLAND,192,272,80,-0.000266912,80
"Institute of Earth Environment, CAS",0,10,16,CHINA MAINLAND,193,273,80,-0.000266912,80
Yantai University,0,12,18,CHINA MAINLAND,172,252,80,-0.000356138,80
"Shenzhen Institute of Advanced Technology, CAS",0,7,38,CHINA MAINLAND,236,157,-79,0.000613663,79
Henan University,0,10,56,CHINA MAINLAND,188,110,-78,0.000927867,78
Northeast Forestry University - China,0,4,20,CHINA MAINLAND,315,238,-77,0.00029946,77
Guangdong Academy of Agricultural Sciences,0,1,9,CHINA MAINLAND,484,407,-77,0.000194343,77
Mianyang Teachers' College,0,1,9,CHINA MAINLAND,485,408,-77,0.000194343,77
"Dalian Institute of Chemical Physics, CAS",0,6,31,CHINA MAINLAND,257,181,-76,0.000479059,76
Beijing University of Technology,0,16,26,CHINA MAINLAND,133,208,75,-0.000415111,75
Harbin University of Science & Technology,0,14,22,CHINA MAINLAND,148,222,74,-0.000385625,74
"Lanzhou Institute of Chemical Physics, CAS",0,6,12,CHINA MAINLAND,268,341,73,-8.84604E-05,73
Shandong Agricultural University,0,12,19,CHINA MAINLAND,171,244,73,-0.000326268,73
Nanjing Forestry University,0,11,58,CHINA MAINLAND,177,105,-72,0.000913123,72
Hunan Normal University,0,7,35,CHINA MAINLAND,237,165,-72,0.000524055,72
Hangzhou Dianzi University,0,6,30,CHINA MAINLAND,258,186,-72,0.00044919,72
Inner Mongolia University,0,2,13,CHINA MAINLAND,402,330,-72,0.000239338,72
Nanjing Hydraulic Research Institute,0,2,13,CHINA MAINLAND,403,331,-72,0.000239338,72
Taiyuan University of Science & Technology,0,2,13,CHINA MAINLAND,404,332,-72,0.000239338,72
Dalian Jiaotong University,0,1,3,CHINA MAINLAND,520,592,72,1.51261E-05,72
Shandong Jianzhu University,0,1,3,CHINA MAINLAND,521,593,72,1.51261E-05,72
Tianjin University of Traditional Chinese Medicine,0,1,3,CHINA MAINLAND,522,594,72,1.51261E-05,72
Yanan University,0,1,3,CHINA MAINLAND,523,595,72,1.51261E-05,72
Institute of Medicinal Biotechnology - CAMS,0,1,3,CHINA MAINLAND,524,596,72,1.51261E-05,72
China Institute of Water Resources & Hydropower Research,0,1,3,CHINA MAINLAND,525,597,72,1.51261E-05,72
Shanxi Datong University,0,1,3,CHINA MAINLAND,526,598,72,1.51261E-05,72
Chifeng University,0,1,3,CHINA MAINLAND,527,599,72,1.51261E-05,72
"Computer Network Information Center, CAS",0,1,3,CHINA MAINLAND,528,600,72,1.51261E-05,72
"Institute of Acoustics, CAS",0,1,3,CHINA MAINLAND,529,601,72,1.51261E-05,72
Sichuan Academy of Agricultural Sciences (SAAS),0,1,3,CHINA MAINLAND,530,602,72,1.51261E-05,72
Zhejiang Cancer Hospital,0,1,3,CHINA MAINLAND,531,603,72,1.51261E-05,72
"Research Institute of Resources Insects, CAF",0,1,3,CHINA MAINLAND,532,604,72,1.51261E-05,72
Communication University of China,0,9,15,CHINA MAINLAND,212,284,72,-0.000222299,72
Yunnan Agricultural University,0,9,15,CHINA MAINLAND,213,285,72,-0.000222299,72
Beijing Academy of Agriculture & Forestry,0,9,15,CHINA MAINLAND,214,286,72,-0.000222299,72
Shanxi University,0,9,44,CHINA MAINLAND,201,131,-70,0.000643916,70
Shaanxi University of Science & Technology,0,4,19,CHINA MAINLAND,316,246,-70,0.000269591,70
Shanghai Institute of Optics & Fine Mechanics,0,19,30,CHINA MAINLAND,112,182,70,-0.00051908,70
"Institute of Microbiology, CAS",0,30,42,CHINA MAINLAND,69,138,69,-0.000979953,69
Shenzhen University,0,19,137,CHINA MAINLAND,108,40,-68,0.002676953,68
"Institute of Urban Environment, CAS",0,5,11,CHINA MAINLAND,293,360,67,-4.38476E-05,67
Anhui Agricultural University,0,4,9,CHINA MAINLAND,335,400,65,-2.91042E-05,65
Jiangsu Academy of Agricultural Sciences,0,4,9,CHINA MAINLAND,336,401,65,-2.91042E-05,65
Anhui University of Finance & Economics,0,0,3,CHINA MAINLAND,669,605,-64,8.96084E-05,64
Beijing Foreign Studies University,0,0,3,CHINA MAINLAND,670,606,-64,8.96084E-05,64
Shanghai Polytechnic University,0,0,3,CHINA MAINLAND,671,607,-64,8.96084E-05,64
Shenyang University of Technology,0,0,3,CHINA MAINLAND,672,608,-64,8.96084E-05,64
Wannan Medical College,0,0,3,CHINA MAINLAND,673,609,-64,8.96084E-05,64
Xi'an Shiyou University,0,0,3,CHINA MAINLAND,674,610,-64,8.96084E-05,64
Xihua University,0,0,3,CHINA MAINLAND,675,611,-64,8.96084E-05,64
General Research Institute for Nonferrous Metals,0,0,3,CHINA MAINLAND,676,612,-64,8.96084E-05,64
Jilin University of Finance & Economics,0,0,3,CHINA MAINLAND,677,613,-64,8.96084E-05,64
Shanghai University of International Business & Economics,0,0,3,CHINA MAINLAND,678,614,-64,8.96084E-05,64
Chinese Research Academy of Environmental Sciences,0,0,3,CHINA MAINLAND,679,615,-64,8.96084E-05,64
Ningxia Medical University,0,0,3,CHINA MAINLAND,680,616,-64,8.96084E-05,64
Guangxi University of Chinese Medicine,0,0,3,CHINA MAINLAND,681,617,-64,8.96084E-05,64
Beijing Institute of Fashion Technology,0,0,3,CHINA MAINLAND,682,618,-64,8.96084E-05,64
Yancheng Institute of Technology,0,0,3,CHINA MAINLAND,683,619,-64,8.96084E-05,64
Shenyang Medical College,0,0,3,CHINA MAINLAND,684,620,-64,8.96084E-05,64
Hefei Normal University,0,0,3,CHINA MAINLAND,685,621,-64,8.96084E-05,64
Chengdu Normal University,0,0,3,CHINA MAINLAND,686,622,-64,8.96084E-05,64
Chongqing University of Arts & Sciences,0,0,3,CHINA MAINLAND,687,623,-64,8.96084E-05,64
Nanjing Xiaozhuang University,0,0,3,CHINA MAINLAND,688,624,-64,8.96084E-05,64
Huanggang Normal University,0,0,3,CHINA MAINLAND,689,625,-64,8.96084E-05,64
"Suzhou Institute of Biomedical Engineering & Technology, CAS",0,0,3,CHINA MAINLAND,690,626,-64,8.96084E-05,64
Xuchang University,0,0,3,CHINA MAINLAND,691,627,-64,8.96084E-05,64
Henan Academy of Agricultural Sciences,0,0,3,CHINA MAINLAND,692,628,-64,8.96084E-05,64
Fuyang Normal University,0,0,3,CHINA MAINLAND,693,629,-64,8.96084E-05,64
Shandong Sport University,0,0,3,CHINA MAINLAND,694,630,-64,8.96084E-05,64
"Lanzhou Institute of Husbandry & Pharmaceutical Sciences, CAAS",#N/A,0,3,CHINA MAINLAND,695,631,-64,8.96084E-05,64
"Feed Research Institute, CAAS",#N/A,0,3,CHINA MAINLAND,696,632,-64,8.96084E-05,64
"State Key Laboratory of Tree Genetics & Breeding, CAF",0,0,3,CHINA MAINLAND,697,633,-64,8.96084E-05,64
CAPITAL UNIVERSITY OF PHYSICAL EDUCATION AND SPORTS,0,0,3,CHINA MAINLAND,698,634,-64,8.96084E-05,64
Zhoukou Normal University,0,0,3,CHINA MAINLAND,699,635,-64,8.96084E-05,64
"Agriculture Genomes Institute at Shenzhen, CAAS",#N/A,0,3,CHINA MAINLAND,700,636,-64,8.96084E-05,64
Qingdao Municipal Hospital,0,0,3,CHINA MAINLAND,701,637,-64,8.96084E-05,64
Taizhou University - Jiangsu,0,0,3,CHINA MAINLAND,702,638,-64,8.96084E-05,64
Nanchang University,0,10,46,CHINA MAINLAND,189,126,-63,0.000629172,63
Northwest Normal University - China,0,8,15,CHINA MAINLAND,224,287,63,-0.000147817,63
"Guiyang Institute of Geochemistry, CAS",0,9,16,CHINA MAINLAND,211,274,63,-0.00019243,63
Huzhou University,0,14,81,CHINA MAINLAND,141,79,-62,0.001376674,62
Chinese Academy of Fishery Sciences,0,38,49,CHINA MAINLAND,56,118,62,-0.001366725,62
"Northeast Institute of Geography & Agroecology, CAS",0,4,18,CHINA MAINLAND,317,256,-61,0.000239721,61
"Institute of Crop Sciences, CAAS",#N/A,4,18,CHINA MAINLAND,318,257,-61,0.000239721,61
Southwest Petroleum University,0,3,15,CHINA MAINLAND,355,294,-61,0.000224595,61
Beijing University of Chinese Medicine,0,3,15,CHINA MAINLAND,356,295,-61,0.000224595,61
North China University of Science & Technology,0,3,15,CHINA MAINLAND,357,296,-61,0.000224595,61
Yanshan University,0,19,32,CHINA MAINLAND,111,172,61,-0.000459342,61
"Institute of Botany, CAS",0,31,44,CHINA MAINLAND,68,129,61,-0.000994696,61
Chongqing University,0,17,101,CHINA MAINLAND,123,64,-59,0.001750617,59
China-Japan Friendship Hospital,0,5,22,CHINA MAINLAND,284,225,-59,0.000284717,59
Nanjing University of Posts & Telecommunications,0,13,23,CHINA MAINLAND,161,220,59,-0.000281273,59
China West Normal University,0,2,12,CHINA MAINLAND,405,347,-58,0.000209469,58
Anhui University of Science & Technology,0,1,8,CHINA MAINLAND,486,428,-58,0.000164473,58
Zhejiang Chinese Medical University,0,1,8,CHINA MAINLAND,487,429,-58,0.000164473,58
"Wuhan Institute of Rock & Soil Mechanics, CAS",0,1,8,CHINA MAINLAND,488,430,-58,0.000164473,58
"Institute of Apicultural Research, CAAS",0,1,8,CHINA MAINLAND,489,431,-58,0.000164473,58
Zhejiang A&F University,0,20,35,CHINA MAINLAND,105,163,58,-0.000444215,58
Guangxi University,0,13,68,CHINA MAINLAND,150,93,-57,0.001062853,57
"Xinjiang Astronomy Observatory, NACO, CAS",0,6,27,CHINA MAINLAND,259,202,-57,0.000359582,57
Beijing Genomics Institute (BGI),0,26,42,CHINA MAINLAND,82,139,57,-0.000682023,57
Harbin Engineering University,0,9,40,CHINA MAINLAND,202,146,-56,0.000524438,56
Guangxi Normal University,0,2,6,CHINA MAINLAND,425,481,56,3.02521E-05,56
Shanxi Agricultural University,0,2,6,CHINA MAINLAND,426,482,56,3.02521E-05,56
Changchun Normal University,0,2,6,CHINA MAINLAND,427,483,56,3.02521E-05,56
"Shanghai Institute of Organic Chemistry, CAS",0,2,6,CHINA MAINLAND,428,484,56,3.02521E-05,56
Fujian Academy of Agricultural Sciences,0,2,6,CHINA MAINLAND,429,485,56,3.02521E-05,56
Huaqiao University,0,4,17,CHINA MAINLAND,319,264,-55,0.000209852,55
Linyi University,0,4,17,CHINA MAINLAND,320,265,-55,0.000209852,55
Xinjiang Medical University,0,4,17,CHINA MAINLAND,321,266,-55,0.000209852,55
University of Nottingham Ningbo China,0,4,17,CHINA MAINLAND,322,267,-55,0.000209852,55
"Institute of Vertebrate Paleontology & Paleoanthropology, CAS",0,13,24,CHINA MAINLAND,160,215,55,-0.000251403,55
"Changchun Institute of Applied Chemistry, CAS",0,46,60,CHINA MAINLAND,46,99,53,-0.00163402,53
Nanjing Agricultural University,0,17,90,CHINA MAINLAND,124,72,-52,0.001422052,52
Hubei University of Science & Technology,0,8,16,CHINA MAINLAND,223,275,52,-0.000117947,52
Harbin Medical University,0,6,26,CHINA MAINLAND,260,209,-51,0.000329712,51
Jimei University,0,5,12,CHINA MAINLAND,291,342,51,-1.39781E-05,51
"Institute of Electrical Engineering, CAS",0,5,12,CHINA MAINLAND,292,343,51,-1.39781E-05,51
Beijing Institute of Technology,0,76,82,CHINA MAINLAND,25,76,51,-0.003211362,51
Northwestern Polytechnical University,西北工业大学,29,247,CHINA MAINLAND,71,21,-50,0.005217771,50
Hubei University of Technology,0,13,59,CHINA MAINLAND,151,101,-50,0.000794028,50
Chongqing Jiaotong University,0,1,4,CHINA MAINLAND,509,559,50,4.49955E-05,50
Northwest Institute for Nonferrous Metal Research - China,0,1,4,CHINA MAINLAND,510,560,50,4.49955E-05,50
Shenyang Aerospace University,0,1,4,CHINA MAINLAND,511,561,50,4.49955E-05,50
Shanghai Academy of Agricultural Sciences,0,1,4,CHINA MAINLAND,512,562,50,4.49955E-05,50
Chinese Academy of Inspection & Quarantine,0,1,4,CHINA MAINLAND,513,563,50,4.49955E-05,50
Yunnan Minzu University,0,1,4,CHINA MAINLAND,514,564,50,4.49955E-05,50
Yibin University,0,1,4,CHINA MAINLAND,515,565,50,4.49955E-05,50
Hubei University of Economics,0,1,4,CHINA MAINLAND,516,566,50,4.49955E-05,50
Fifth Medical Center of Chinese PLA General Hospital,0,1,4,CHINA MAINLAND,517,567,50,4.49955E-05,50
Shanxi People's Hospital,0,1,4,CHINA MAINLAND,518,568,50,4.49955E-05,50
Lanzhou Institute of Technology,0,1,4,CHINA MAINLAND,519,569,50,4.49955E-05,50
Nanjing University of Chinese Medicine,0,4,10,CHINA MAINLAND,332,382,50,7.65313E-07,50
South Central University for Nationalities,0,4,10,CHINA MAINLAND,333,383,50,7.65313E-07,50
"Beijing Institute of Genomics, CAS",0,4,10,CHINA MAINLAND,334,384,50,7.65313E-07,50
"Institute of Tibetan Plateau Research, CAS",0,14,28,CHINA MAINLAND,147,196,49,-0.000206408,49
"Institute of Chemistry, CAS",0,17,31,CHINA MAINLAND,129,178,49,-0.000340246,49
Xi'an Medical University,0,3,14,CHINA MAINLAND,358,310,-48,0.000194726,48
Anhui Medical University,0,11,21,CHINA MAINLAND,181,229,48,-0.000192047,48
Southeast University - China,东南大学,28,206,CHINA MAINLAND,75,28,-47,0.004067605,47
Tianjin University,0,22,133,CHINA MAINLAND,89,42,-47,0.002334028,47
Xi'an Jiaotong-Liverpool University,0,8,33,CHINA MAINLAND,218,171,-47,0.000389834,47
Guangxi Medical University,0,7,15,CHINA MAINLAND,241,288,47,-7.33344E-05,47
Shanghai Normal University,0,34,56,CHINA MAINLAND,61,108,47,-0.000859709,47
Zhengzhou University,0,20,111,CHINA MAINLAND,102,56,-46,0.001825864,46
"Institute of Physics, CAS",0,18,92,CHINA MAINLAND,115,69,-46,0.001407309,46
Southern Medical University - China,0,12,48,CHINA MAINLAND,166,121,-45,0.000539946,45
"Ministry of Education, China",0,12,48,CHINA MAINLAND,167,122,-45,0.000539946,45
Qingdao Agricultural University,0,4,16,CHINA MAINLAND,323,278,-45,0.000179982,45
"Shenyang Institute of Applied Ecology, CAS",0,22,42,CHINA MAINLAND,95,140,45,-0.000384094,45
Neijiang Normal University,0,16,75,CHINA MAINLAND,130,86,-44,0.001048493,44
Northwest University Xi'an,0,9,37,CHINA MAINLAND,203,160,-43,0.000434829,43
PLA Second Military Medical University,0,104,108,CHINA MAINLAND,17,60,43,-0.004520261,43
Henan University of Science & Technology,0,2,11,CHINA MAINLAND,406,366,-40,0.000179599,40
Capital Institute of Pediatrics (CIP),0,8,17,CHINA MAINLAND,222,261,39,-8.80778E-05,39
Dongguan University of Technology,0,10,21,CHINA MAINLAND,191,230,39,-0.000117565,39
University of Jinan,0,33,58,CHINA MAINLAND,64,103,39,-0.000725488,39
Ocean University of China,0,17,74,CHINA MAINLAND,125,87,-38,0.000944141,38
"Shanghai Institute of Ceramics, CAS",0,46,77,CHINA MAINLAND,45,83,38,-0.001126239,38
East China Jiaotong University,0,1,7,CHINA MAINLAND,490,453,-37,0.000134604,37
Chinese Academy of Social Sciences,0,1,7,CHINA MAINLAND,491,454,-37,0.000134604,37
Dalian Polytechnic University,0,1,7,CHINA MAINLAND,492,455,-37,0.000134604,37
"Institute of Coal Chemistry, CAS",0,1,7,CHINA MAINLAND,493,456,-37,0.000134604,37
LingNan Normal University,0,1,7,CHINA MAINLAND,494,457,-37,0.000134604,37
Xidian University,0,29,55,CHINA MAINLAND,74,111,37,-0.000517167,37
Hunan Institute of Engineering,0,0,2,CHINA MAINLAND,703,667,-36,5.97389E-05,36
Weifang University,0,0,2,CHINA MAINLAND,704,668,-36,5.97389E-05,36
Yancheng Teachers University,0,0,2,CHINA MAINLAND,705,669,-36,5.97389E-05,36
Zhejiang University of Finance & Economics,0,0,2,CHINA MAINLAND,706,670,-36,5.97389E-05,36
Huaibei Normal University,0,0,2,CHINA MAINLAND,707,671,-36,5.97389E-05,36
Second People's Hospital of Shenzhen,0,0,2,CHINA MAINLAND,708,672,-36,5.97389E-05,36
China Electronics Technology Group,0,0,2,CHINA MAINLAND,709,673,-36,5.97389E-05,36
Henan University of Traditional Chinese Medicine,0,0,2,CHINA MAINLAND,710,674,-36,5.97389E-05,36
Zhejiang University City College,0,0,2,CHINA MAINLAND,711,675,-36,5.97389E-05,36
"Changchun Observatory, NAOC, CAS",0,0,2,CHINA MAINLAND,712,676,-36,5.97389E-05,36
"Qinghai Institute of Salt Lakes, CAS",0,0,2,CHINA MAINLAND,713,677,-36,5.97389E-05,36
"Institute of Deep-Sea Science & Engineering, CAS",0,0,2,CHINA MAINLAND,714,678,-36,5.97389E-05,36
Jiangsu University of Technology,0,0,2,CHINA MAINLAND,715,679,-36,5.97389E-05,36
Hunan Institute of Technology,0,0,2,CHINA MAINLAND,716,680,-36,5.97389E-05,36
Chang'an University,0,13,50,CHINA MAINLAND,152,117,-35,0.000525203,35
"Nanjing Institute of Geography & Limnology, CAS",0,5,13,CHINA MAINLAND,290,325,35,1.58914E-05,35
"Technical Institute of Physics & Chemistry, CAS",0,9,19,CHINA MAINLAND,210,245,35,-0.000102821,35
Qilu University of Technology,0,8,30,CHINA MAINLAND,219,185,-34,0.000300225,34
China Pharmaceutical University,0,3,9,CHINA MAINLAND,368,402,34,4.53782E-05,34
National University of Defense Technology - China,0,32,60,CHINA MAINLAND,66,100,34,-0.000591267,34
Beijing University of Posts & Telecommunications,0,33,61,CHINA MAINLAND,63,97,34,-0.00063588,34
Guangxi University of Nationalities,0,14,31,CHINA MAINLAND,146,179,33,-0.000116799,33
Peking Union Medical College,0,56,91,CHINA MAINLAND,37,70,33,-0.00145289,33
Wenzhou Medical University,0,18,77,CHINA MAINLAND,116,84,-32,0.000959267,32
"Shanghai Advanced Research Institute, CAS",0,3,13,CHINA MAINLAND,359,327,-32,0.000164856,32
Heilongjiang Institute of Technology,0,3,13,CHINA MAINLAND,360,328,-32,0.000164856,32
"Chinese University of Hong Kong, Shenzhen",0,3,13,CHINA MAINLAND,361,329,-32,0.000164856,32
Guangdong Medical University,0,4,15,CHINA MAINLAND,324,292,-32,0.000150113,32
Shanghai Maritime University,0,4,15,CHINA MAINLAND,325,293,-32,0.000150113,32
Jiaxing University,0,5,18,CHINA MAINLAND,285,254,-31,0.000165239,31
"Institute of Environment & Sustainable Development in Agriculture, CAAS",#N/A,5,18,CHINA MAINLAND,286,255,-31,0.000165239,31
Nanjing Audit University,0,4,11,CHINA MAINLAND,330,361,31,3.06348E-05,31
Academy of Military Medical Sciences - China,0,4,11,CHINA MAINLAND,331,362,31,3.06348E-05,31
South China Agricultural University,0,19,42,CHINA MAINLAND,110,141,31,-0.000160647,31
Chinese Academy of Meteorological Sciences (CAMS),0,6,21,CHINA MAINLAND,261,231,-30,0.000180365,30
"Institute of Hydrobiology, CAS",0,12,27,CHINA MAINLAND,170,200,30,-8.73125E-05,30
Shandong Normal University,0,13,29,CHINA MAINLAND,158,188,30,-0.000102056,30
Shandong First Medical University & Shandong Academy of Medical Sciences,0,13,29,CHINA MAINLAND,159,189,30,-0.000102056,30
Zhejiang Normal University,0,15,33,CHINA MAINLAND,136,166,30,-0.000131543,30
"Yunnan Astronomical Observatory, NAOC, CAS",0,34,70,CHINA MAINLAND,60,90,30,-0.000441537,30
Guizhou University,0,39,76,CHINA MAINLAND,55,85,30,-0.000634732,30
Nanjing University of Information Science & Technology,0,20,88,CHINA MAINLAND,103,74,-29,0.001138866,29
Northeast Normal University - China,0,15,35,CHINA MAINLAND,135,164,29,-7.18038E-05,29
"Institute of Geographic Sciences & Natural Resources Research, CAS",0,18,39,CHINA MAINLAND,121,150,29,-0.000175773,29
Beijing University of Chemical Technology,0,20,43,CHINA MAINLAND,104,133,29,-0.00020526,29
Chinese People's Liberation Army General Hospital,0,22,47,CHINA MAINLAND,94,123,29,-0.000234747,29
Northeastern University - China,0,35,73,CHINA MAINLAND,59,88,29,-0.000426411,29
East China University of Technology,0,2,7,CHINA MAINLAND,417,445,28,6.01216E-05,28
Shanghai University of Traditional Chinese Medicine,0,2,7,CHINA MAINLAND,418,446,28,6.01216E-05,28
Sichuan Normal University,0,2,7,CHINA MAINLAND,419,447,28,6.01216E-05,28
Zhejiang Wanli University,0,2,7,CHINA MAINLAND,420,448,28,6.01216E-05,28
"Institute of Subtropical Agriculture, CAS",0,2,7,CHINA MAINLAND,421,449,28,6.01216E-05,28
Chongqing Three Gorges University,0,2,7,CHINA MAINLAND,422,450,28,6.01216E-05,28
Sichuan Provincial People's Hospital,0,2,7,CHINA MAINLAND,423,451,28,6.01216E-05,28
"Research Institute of Forestry, CAF",0,2,7,CHINA MAINLAND,424,452,28,6.01216E-05,28
Guangdong University of Technology,0,14,32,CHINA MAINLAND,145,173,28,-8.69298E-05,28
Yunnan Academy of Agricultural Sciences,0,8,29,CHINA MAINLAND,220,193,-27,0.000270356,27
"National Center for Chronic & Noncommunicable Disease Control & Prevention, Chinese Center for Disease Control & Prevention",0,9,20,CHINA MAINLAND,209,235,26,-7.29517E-05,26
Suzhou University,苏州大学,44,238,CHINA MAINLAND,48,23,-25,0.003831711,25
"Institute of Atmospheric Physics, CAS",0,6,20,CHINA MAINLAND,262,237,-25,0.000150495,25
Nanjing University of Aeronautics & Astronautics,0,27,116,CHINA MAINLAND,78,54,-24,0.001453835,24
Jianghan University,0,1,5,CHINA MAINLAND,502,526,24,7.4865E-05,24
University Science & Technology Liaoning,0,1,5,CHINA MAINLAND,503,527,24,7.4865E-05,24
Xi'an University of Architecture & Technology,0,1,5,CHINA MAINLAND,504,528,24,7.4865E-05,24
Zhejiang University of Science & Technology,0,1,5,CHINA MAINLAND,505,529,24,7.4865E-05,24
Guangxi University of Finance & Economics,0,1,5,CHINA MAINLAND,506,530,24,7.4865E-05,24
Hengyang Normal University,0,1,5,CHINA MAINLAND,507,531,24,7.4865E-05,24
Ministry of Water Resources,0,1,5,CHINA MAINLAND,508,532,24,7.4865E-05,24
Shandong University of Technology,0,6,15,CHINA MAINLAND,265,289,24,1.14797E-06,24
National Institute of Metrology China,0,6,15,CHINA MAINLAND,266,290,24,1.14797E-06,24
"Institute of Soil Science, CAS",0,6,15,CHINA MAINLAND,267,291,24,1.14797E-06,24
University Town of Shenzhen,0,18,41,CHINA MAINLAND,120,144,24,-0.000116034,24
Tianjin Medical University,0,33,137,CHINA MAINLAND,62,39,-23,0.0016342,23
Southwest Jiaotong University,0,22,97,CHINA MAINLAND,90,67,-23,0.001258727,23
Guilin University of Electronic Technology,0,13,31,CHINA MAINLAND,157,180,23,-4.23169E-05,23
Fuzhou University,0,16,38,CHINA MAINLAND,132,155,23,-5.66777E-05,23
Army Medical University,0,14,33,CHINA MAINLAND,144,167,23,-5.70603E-05,23
China University of Mining & Technology,0,63,110,CHINA MAINLAND,34,57,23,-0.001406746,23
China Jiliang University,0,7,17,CHINA MAINLAND,240,262,22,-1.35954E-05,22
Wuhan University,武汉大学,62,436,CHINA MAINLAND,35,14,-21,0.008405184,21
Yunnan University,0,23,56,CHINA MAINLAND,88,109,21,-4.04037E-05,21
China Medical University,0,17,57,CHINA MAINLAND,126,106,-20,0.00043636,20
Hebei Normal University,0,9,30,CHINA MAINLAND,204,184,-20,0.000225743,20
Hebei Agricultural University,0,3,10,CHINA MAINLAND,365,385,20,7.52477E-05,20
Tianjin Normal University,0,3,10,CHINA MAINLAND,366,386,20,7.52477E-05,20
"Institute of Soil & Water Conservation (ISWC), CAS",0,3,10,CHINA MAINLAND,367,387,20,7.52477E-05,20
Nantong University,0,5,14,CHINA MAINLAND,288,308,20,4.57608E-05,20
State Key Laboratory of Respiratory Disease,0,5,14,CHINA MAINLAND,289,309,20,4.57608E-05,20
East China University of Science & Technology,0,68,119,CHINA MAINLAND,31,51,20,-0.001510333,20
Capital Medical University,首都医科大学,54,261,CHINA MAINLAND,38,19,-19,0.003773885,19
"National Astronomical Observatory, CAS",中国科学院国家天文台,53,249,CHINA MAINLAND,39,20,-19,0.003489934,19
"Guangzhou Institute of Geochemistry, CAS",0,11,37,CHINA MAINLAND,178,159,-19,0.000285865,19
"Fujian Institute of Research on the Structure of Matter, CAS",0,2,10,CHINA MAINLAND,407,388,-19,0.00014973,19
Harbin Institute of Technology,0,75,128,CHINA MAINLAND,26,45,19,-0.001762884,19
"The Institute of Remote Sensing & Digital Earth, CAS",0,13,32,CHINA MAINLAND,156,174,18,-1.24475E-05,18
Dalian University of Technology,0,100,145,CHINA MAINLAND,19,37,18,-0.003117162,18
Hohai University,0,26,105,CHINA MAINLAND,80,63,-17,0.001199753,17
"Institute of Genetics & Developmental Biology, CAS",0,16,53,CHINA MAINLAND,131,114,-17,0.000391364,17
Fujian Normal University,0,11,36,CHINA MAINLAND,179,162,-17,0.000255995,17
Inner Mongolia University for Nationalities,0,4,12,CHINA MAINLAND,327,344,17,6.05043E-05,17
Qinghai Normal University,0,4,12,CHINA MAINLAND,328,345,17,6.05043E-05,17
China Geological Survey,0,4,12,CHINA MAINLAND,329,346,17,6.05043E-05,17
North China Electric Power University,0,15,39,CHINA MAINLAND,134,151,17,4.76741E-05,17
East China Normal University,0,48,108,CHINA MAINLAND,44,61,17,-0.00034925,17
Nankai University,南开大学,103,159,CHINA MAINLAND,18,35,17,-0.002922436,17
Chongqing University of Posts & Telecommunications,重庆邮电大学,44,167,CHINA MAINLAND,49,34,-15,0.001710978,15
"Kunming Institute of Botany, CAS",0,14,45,CHINA MAINLAND,142,127,-15,0.000301373,15
Chengdu University of Technology,0,9,29,CHINA MAINLAND,205,190,-15,0.000195874,15
Chinese Academy of Geological Sciences,0,9,29,CHINA MAINLAND,206,191,-15,0.000195874,15
Kunming Institute of Zoology,0,9,29,CHINA MAINLAND,207,192,-15,0.000195874,15
Chengdu University,0,8,20,CHINA MAINLAND,221,236,15,1.53063E-06,15
Dalian Medical University,0,9,22,CHINA MAINLAND,208,223,15,-1.32128E-05,15
Beijing Forestry University,0,32,79,CHINA MAINLAND,65,80,15,-2.3747E-05,15
Huazhong Agricultural University,0,37,132,CHINA MAINLAND,57,43,-14,0.001186923,14
Nanjing University of Science & Technology,0,17,53,CHINA MAINLAND,127,113,-14,0.000316882,14
Wenzhou University,0,7,22,CHINA MAINLAND,238,224,-14,0.000135752,14
Anhui University,0,13,33,CHINA MAINLAND,154,168,14,1.7422E-05,14
China Meteorological Administration,0,13,33,CHINA MAINLAND,155,169,14,1.7422E-05,14
Shenyang University of Chemical Technology,0,7,18,CHINA MAINLAND,239,253,14,1.6274E-05,14
Northwest A&F University - China,0,27,98,CHINA MAINLAND,79,66,-13,0.000916185,13
"Institute of Modern Physics, CAS",中国科学院近代物理研究所,139,210,CHINA MAINLAND,14,27,13,-0.004080458,13
South China Normal University,0,44,137,CHINA MAINLAND,50,38,-12,0.000814894,12
Chinese Academy of Forestry,0,12,38,CHINA MAINLAND,168,156,-12,0.000241252,12
Taiyuan University of Technology,0,6,16,CHINA MAINLAND,264,276,12,3.10174E-05,12
Fu Wai Hospital - CAMS,0,49,111,CHINA MAINLAND,43,55,12,-0.000334124,12
Shantou University,0,22,58,CHINA MAINLAND,93,104,11,9.38176E-05,11
Changchun University of Science & Technology,0,2,8,CHINA MAINLAND,412,423,11,8.99911E-05,11
Fujian University of Technology,0,2,8,CHINA MAINLAND,413,424,11,8.99911E-05,11
Central South University of Forestry & Technology,0,2,8,CHINA MAINLAND,414,425,11,8.99911E-05,11
"South China Sea Institute of Oceanology, CAS",0,2,8,CHINA MAINLAND,415,426,11,8.99911E-05,11
"Xi'an Institute of Optics & Precision Mechanics, CAS",0,2,8,CHINA MAINLAND,416,427,11,8.99911E-05,11
China University of Petroleum,0,10,27,CHINA MAINLAND,190,201,11,6.16522E-05,11
University of Science & Technology Beijing,0,43,108,CHINA MAINLAND,51,62,11,2.31619E-05,11
Peking Union Medical College Hospital,0,18,44,CHINA MAINLAND,119,130,11,-2.64256E-05,11
"Purple Mountain Observatory, CAS",0,26,90,CHINA MAINLAND,81,71,-10,0.000751711,10
"Chengdu Institute of Biology, CAS",0,5,16,CHINA MAINLAND,287,277,-10,0.0001055,10
Chinese Center for Disease Control & Prevention,0,25,87,CHINA MAINLAND,84,75,-9,0.000736585,9
Wuhan University of Technology,0,24,82,CHINA MAINLAND,86,77,-9,0.00066172,9
Tiangong University,0,14,39,CHINA MAINLAND,143,152,9,0.000122156,9
Changshu Institute of Technology,0,1,6,CHINA MAINLAND,495,486,-9,0.000104734,9
Shanghai University of Engineering Science,0,1,6,CHINA MAINLAND,496,487,-9,0.000104734,9
Guangdong University of Finance & Economics,0,1,6,CHINA MAINLAND,497,488,-9,0.000104734,9
Alibaba Group,0,1,6,CHINA MAINLAND,498,489,-9,0.000104734,9
"Shenyang Institute of Automation, CAS",0,1,6,CHINA MAINLAND,499,490,-9,0.000104734,9
Fujian Provincial Hospital,0,1,6,CHINA MAINLAND,500,491,-9,0.000104734,9
"National Institute for Viral Disease Control & Prevention, Chinese Center for Disease Control & Prevention",0,1,6,CHINA MAINLAND,501,492,-9,0.000104734,9
Chinese Academy of Medical Sciences - Peking Union Medical College,中国医学科学院 北京协和医学院 ,125,234,CHINA MAINLAND,16,25,9,-0.002320837,9
University of Electronic Science & Technology of China,电子科技大学,92,528,CHINA MAINLAND,21,13,-8,0.008918704,8
Jilin University,0,49,123,CHINA MAINLAND,41,49,8,2.43098E-05,8
Huawei Technologies,0,49,121,CHINA MAINLAND,42,50,8,-3.54291E-05,8
"University of Chinese Academy of Sciences, CAS",中国科学院大学,156,1318,CHINA MAINLAND,11,4,-7,0.027748716,7
"Shanghai Institute of Applied Physics, CAS",中国科学院上海应用物理研究所,70,240,CHINA MAINLAND,29,22,-7,0.001954909,7
Southwest University - China,0,29,99,CHINA MAINLAND,72,65,-7,0.000797089,7
Guangdong Academy of Medical Sciences & Guangdong General Hospital,0,19,50,CHINA MAINLAND,109,116,7,7.83089E-05,7
Sichuan University,四川大学,90,176,CHINA MAINLAND,24,31,7,-0.001446384,7
Beijing Jiaotong University,0,24,79,CHINA MAINLAND,87,81,-6,0.000572112,6
"Institute of Zoology, CAS",0,22,61,CHINA MAINLAND,92,98,6,0.000183426,6
"Shanghai Astronomical Observatory, CAS",0,45,118,CHINA MAINLAND,47,53,6,0.000172892,6
"South China Botanical Garden, CAS",0,17,43,CHINA MAINLAND,128,134,6,1.81873E-05,6
Beihang University,北京航空航天大学,140,833,CHINA MAINLAND,13,8,-5,0.01445374,5
Huazhong University of Science & Technology,华中科技大学,90,297,CHINA MAINLAND,23,18,-5,0.002167821,5
"Nanjing Institute of Astronomical Optics & Technology, NAOC, CAS",0,29,96,CHINA MAINLAND,73,68,-5,0.000707481,5
Xiamen University,0,42,127,CHINA MAINLAND,52,47,-5,0.000665164,5
Shanghai University,0,42,124,CHINA MAINLAND,53,48,-5,0.000575556,5
Heilongjiang University,0,2,9,CHINA MAINLAND,408,403,-5,0.000119861,5
"Anhui Institute of Optics & Fine Mechanics (AIOFM), CAS",0,2,9,CHINA MAINLAND,409,404,-5,0.000119861,5
National Center for Nanoscience & Technology - China,0,2,9,CHINA MAINLAND,410,405,-5,0.000119861,5
Guangzhou University of Chinese Medicine,0,2,9,CHINA MAINLAND,411,406,-5,0.000119861,5
China Agricultural University,中国农业大学,73,172,CHINA MAINLAND,28,33,5,-0.000299662,5
Lanzhou University,兰州大学,74,174,CHINA MAINLAND,27,32,5,-0.000314406,5
Tongji University,同济大学,69,229,CHINA MAINLAND,30,26,-4,0.001700827,4
Chinese Academy of Agricultural Sciences,0,52,147,CHINA MAINLAND,40,36,-4,0.00051773,4
Shandong University,山东大学,616,829,CHINA MAINLAND,5,9,4,-0.021119335,4
Xi'an Jiaotong University,西安交通大学,95,318,CHINA MAINLAND,20,17,-3,0.002422669,3
Tsinghua University,清华大学,652,1685,CHINA MAINLAND,4,1,-3,0.001767567,3
Central South University,中南大学,65,205,CHINA MAINLAND,32,29,-3,0.001281889,3
Zhejiang University,浙江大学,156,423,CHINA MAINLAND,12,15,3,0.00101554,3
China University of Geosciences,中国地质大学（武汉）,63,185,CHINA MAINLAND,33,30,-3,0.000833464,3
Nanjing Medical University,0,21,62,CHINA MAINLAND,99,96,-3,0.000287778,3
Hangzhou Normal University,0,11,30,CHINA MAINLAND,180,183,3,7.67783E-05,3
Nanjing University,南京大学,546,803,CHINA MAINLAND,7,10,3,-0.016682177,3
Fudan University,复旦大学,183,528,CHINA MAINLAND,10,12,2,0.002140811,2
South China University of Technology,0,40,119,CHINA MAINLAND,54,52,-2,0.000575173,2
Beijing Normal University,北京师范大学,91,236,CHINA MAINLAND,22,24,2,0.000271301,2
Donghua University,0,18,49,CHINA MAINLAND,117,119,2,0.000122922,2
Fujian Agriculture & Forestry University,0,18,48,CHINA MAINLAND,118,120,2,9.30523E-05,2
Central China Normal University,华中师范大学,301,642,CHINA MAINLAND,9,11,2,-0.003242987,2
Shanghai Jiao Tong University,上海交通大学,488,1054,CHINA MAINLAND,8,6,-2,-0.004864964,2
"University of Science & Technology of China, CAS",中国科学技术大学,900,1099,CHINA MAINLAND,3,5,2,-0.034207565,2
"Institute of High Energy Physics, CAS",中国科学院高能物理研究所,1022,1382,CHINA MAINLAND,1,3,2,-0.034841351,2
"Institute of Geology & Geophysics, CAS",0,22,68,CHINA MAINLAND,91,92,1,0.000392512,1
Hainan Normal University,0,3,11,CHINA MAINLAND,362,363,1,0.000105117,1
Henan Normal University,0,3,11,CHINA MAINLAND,363,364,1,0.000105117,1
Southwestern University of Finance & Economics - China,0,3,11,CHINA MAINLAND,364,365,1,0.000105117,1
Renmin University of China,0,12,33,CHINA MAINLAND,169,170,1,9.19044E-05,1
China Institute of Atomic Energy,中国原子能科学研究院,134,332,CHINA MAINLAND,15,16,1,-6.39704E-05,1
Sun Yat Sen University,中山大学,596,989,CHINA MAINLAND,6,7,1,-0.014850573,1
"Xishuangbanna Tropical Botanical Garden, CAS",0,13,39,CHINA MAINLAND,153,153,0,0.000196639,0
China Earthquake Administration,0,4,13,CHINA MAINLAND,326,326,0,9.03737E-05,0
"National Space Science Center, CAS",0,6,17,CHINA MAINLAND,263,263,0,6.08869E-05,0
Peking University,北京大学,908,1535,CHINA MAINLAND,2,2,0,-0.021780335,0
